label,text
neutral,"The company was supposed to deliver machinery to a veneer mill in the Tomsk region , in Russia ."
neutral,UNC Charlotte would also deploy SSH Tectia Connector to enable secure application connectivity .
neutral,"In 2009 , Lee & Man had a combined annual production capacity of close to 4.5 million tonnes of paper and 300,000 tonnes of pulp ."
neutral,"`` That 's a very high figure on the European scale , '' Noop said , recalling however that this also includes beer bought by Finnish tourists ."
neutral,"In Finland , the corresponding service is Alma Media 's Etuovi.com , Finland 's most popular and best known nationwide online service for home and property sales ."
neutral,Construction is scheduled to start in April-June 2007 and to be completed in early 2008 .
positive,"Finnish-owned contract manufacturer of electronics Elcoteq Hungary Kft has announced plans to recruit more than 650 new staffers to fulfill new orders in P+_cs , where the company has two plants ."
neutral,"The gross area of the Innova 2 project will be about 10,000 sq m ( 107,600 sq ft ) ."
neutral,Finnish home decoration and arts and crafts retailer Tiimari Plc ( OMX Helsinki : TII1V ) reported on Monday ( 18 August ) an operating loss of EUR3 .3 m on net sales of EUR33 .9 m for the period January-June 2008 .
neutral,Deliveries will start in the second half of 2007 and the start-up of the mill is scheduled for 2008 .
neutral,"Steek , which was set up in 2002 , is based in Bordeaux , southwestern France ."
positive,"Outotec said it won new orders worth 492.9 mln eur during the quarter , compared with 240.4 mln eur a year earlier ."
neutral,"The store is located in Poznan in a shopping center named Pestka , the company added ."
neutral,The value of the order is USD 2.2 mn .
neutral,The company expects meat purchases to remain at about 8mn kilos in 2011 .
neutral,Finnish house manufacturers are targeting the strongly growing one-family house market in Russia .
neutral,The deal was worth about EUR 1.2 mn .
neutral,Any investment or investment activity to which this communication relates is only available to relevant persons and will be engaged in only with relevant persons .
neutral,Following the increase the company+EUR TM s capital totals 5.5 mln Romanian lei $ 1.98 mln-1 .56 mln euro .
negative,"Since the association 's data do not cover sales figures from about 100 small local breweries and sales of imported beer products , the actual market shares of its members are smaller than those given in the report ."
negative,"According to the Latvian business register , Uponor Latvia closed in red with LVL 99,000 EUR 139,538.17 USD 194,556.48 on turnover of LVL 2.346 mn for 2009 ."
neutral,The issue came up in connection with discussion with local municipalities concerning the sale of water to industrial facilities .
positive,Operating profit rose to EUR 13.1 mn from EUR 8.7 mn in the corresponding period in 2007 representing 7.7 % of net sales .
neutral,"Its annual capacity is some 10,000 MW ."
neutral,"The Finnish company is building a 800,000 mt-year biodiesel plant in Singapore ."
positive,"The long-standing partnership and commitment enable both parties to develop their respective operations , and ESL Shipping will also have the opportunity to update its fleet and improve its efficiency ."
neutral,"Aldata Solution , a global company engaged in supplier to consumer business process optimization , has announced the details of its Dollars for Dinosaurs program ."
neutral,"The reasons behind the estimate include the rise in 2008 rent levels and several fully-leased office and retail properties , which were completed and added to the company 's investment property portfolio ."
neutral,Finnish beverage company Olvi is introducing a new long drink Olvi Kultalonkero ( `` golden long drink '' ) in the market in Finland in the spring of 2009 .
negative,The current reference grade instruments are challenging to operate due to their high price and complexity for routine use .
neutral,Rental of building equipment accounted for 88 percent of the operating income .
neutral,"After piloting , the instrument will be further developed according to the experiences gained ."
neutral,The goal will be achieved via organic growth possibly supplemented by acquisitions .
negative,Operating profit fell from EUR 7.9 mn in the second quarter of 2005 to EUR 5.1 mn in the second quarter of 2006 .
neutral,"The 3C Expo is a signature show in Dongguan , which is supported by the Dongguan Municipal Government every year , featuring computer accessories , software , communication and network products ."
positive,"Ruukki Romania , the local arm of Finnish metal producer Ruukki , increased its capital by 900,000 euro ( $ 1.14 mln ) through cash contribution , it was reported on September 19 , 2006 ."
negative,Nokia s U.S. shares were 3.3 percent lower at $ 12.73 by 1750 GMT .
neutral,Finnish component supplier Componenta Corporation ( OMX Helsinki : CTH1V ) reported on Tuesday ( 15 July ) an operating profit of EUR46 .2 m on net sales of EUR386 .0 m for the financial period January-June 2008 .
neutral,"Elite Residence Tower , a new development by Tameer , is located at the heart of Dubai Marina ."
negative,The lay-offs will affect 240 people out of the total 320 Okmetic employees in Finland .
positive,"`` With this agreement , we can continue our good cooperationand at the same time release capital that has been tied up in ourmachinery operation ."
neutral,Travel expenses would be reimbursed in accordance with the travel policy of the company .
neutral,"Ahlstrom Corporation Anne Pirila Director , Financial communications Distribution : Helsinki Stock Exchange Main media Ahlstrom in brief Ahlstrom is a leader in the development , manufacture and marketing of high performance fiber-based materials ."
neutral,"In 2007 , almost two thirds of Orion 's net sales came from these drugs ."
positive,"Net income from life insurance doubled to EUR 6.8 mn from EUR 3.2 mn , and net income from non-life insurance rose to EUR 5.2 mn from EUR 1.5 mn in the corresponding period in 2009 ."
negative,"According to Aktia Asset Management , Finnish analysts ' forecasts for 2009 are still too high ."
positive,Ramirent is the leading construction machinery rental company in Finland with annual sales of EUR 134 million in 2009 and operating nationwide through 83 outlets and 612 employees .
neutral,"In 2006 , TeliaSonera net sales were SEK 91 bn , EBITDA was SEK 32.266 bn , net income was SEK 19.28 bn ."
positive,"The chain posted sales of 298 million euros for full 2005 , a rise of 19.5 percent , year-on-year ."
neutral,Scanfil expects net sales in 2008 to remain at the 2007 level .
neutral,The profit after taxes was EUR 57.7 11.1 million .
neutral,"The company also appointed Leif Rosen head of the Special Plate unit which includes the quarto plate units in Degerfors , Sweden , and New Castle , USA , the unit in Willich , Germany , as well as Pressplate and Prefab in Avesta and Plate Service Centre Nordic in Degerfors ."
positive,"`` UPM 's deliveries increased during the third quarter by 4 percent , and the efficiency of operations improved , '' Chief Executive Jussi Pesonen said ."
negative,"Operating profit for the 12-month period decreased from EUR2 .9 m while turnover increased from EUR24 .5 m , as compared to the financial year 2004 ."
neutral,"cents The profile contains business operations , the company history , major products and services , prospects , key competitors , structure and key employees , locations and subsidiaries ."
positive,"Profit after taxes for the period was up to EUR0 .9 m , from EUR0 .01 m last year ."
neutral,"The newly-completed Allure of the Seas and its identical sister ship , Oasis of the Seas , which was completed last year are the world 's largest cruise ships ."
neutral,"The number of class A shares remains unchanged at 9,526,089 shares ."
neutral,"Under the rental agreement , Stockmann was committed to invest in the building of a bridge over the Gogol Street or build an underground tunnel for crossing the street by 2004 ."
neutral,"Honkarakenne 's customer in this project is one of the biggest real estate companies in Kazakhstan , according to the company ."
positive,"This new deal has strengthened the partnership from Telemig Celular and Tecnomen , which it has started since the beginning of Telemig 's prepaid operations ."
positive,"Turun kaupunkin , Finland based company has awarded contract to Lemminkainen Talotekniikka Oy for electrical installation work ."
negative,"Based on the first quarter result , existing order backlog and new order prospects , the company expects that full-year sales will contract by 25 % from 2008 , the gross margin will stay at a healthy level , and the operating profit margin will be lower than in 2008 due to lower sales volume ."
neutral,An audio webcast will be available live and archived on Cerner 's Web site at www.cerner.com .
positive,"Earnings per share ( EPS ) for the first quarter 2007 amounted to EUR0 .07 , up from EUR0 .04 ."
neutral,"Under the transaction agreement , Metsaliitto will purchase 24.7 % of Metsa-Botnia 's shares from UPM and 3 % from M-real ."
positive,SKF 6 April 2010 - Alandsbanken has given a `` buy '' recommendation on Swedish industrial company SKF AB ( STO : SKF B ) with a share price target of SEK150 .
positive,Return on investment was 16.6 % compared to 15.8 % in 2004 .
neutral,"Citigroup , Inc NYSE : C , Deutsche Bank NYSE : DB and Pohjola Bank are lead managers for the sale ."
neutral,"- The Group - s profit before taxes was EUR 0,2 7,8 million ."
neutral,The company has a wide selection of metal products and services .
positive,"Both operating profit and turnover for the three-month period increased , respectively from EUR0 .9 m and EUR8 .3 m , as compared to the corresponding period in 2005 ."
neutral,Elcoteq 's revenues in 2007 were approximately EUR 120 million .
neutral,"Previously , Vaahto Pulp has supplied headboxes with rectifier roll and dilution control technology for Stora Enso 's mill in Imatra , eastern Finland ."
positive,"`` This vessel order will help Aspo secure the long-term competitiveness of its fleet , both in terms of technology and pricing ."
neutral,Aspocomp intends to set up a plant to manufacture printed circuit boards with an investment of Rs310 crore .
neutral,"The Finnish company sold its UK operation - consisting of 50 staff in offices in London , Birmingham and Manchester - as part of a deal with Hampden in July 2001 for its European-wide property and casualty arm Sampo Industrial ."
neutral,Aspo serves demanding business-to-business customers .
neutral,"Tikkurila , a division of Kemira group , controls about 23 % of the Russian market in its field and owns St. Petersburg paint producer TEX. ."
positive,"Viking Line 's cargo revenue increased by 5.4 % to EUR 21.46 mn , and cargo volume increased by 2.4 % to 70,116 cargo units ."
neutral,"The Internal Revenue Service sees about 20 percent of all taxpayers wait until the last two weeks to file , with about 40 million returns filed in April ."
negative,"`` Adjustment to the fall in price level , in contrast , has been less effective ."
positive,"Digia said its consolidated net sales for January-June 2010 were EUR67 .8 m , up 9.7 % on the same period in 2009 ( EUR61 .9 m ) ."
negative,"Finnish shipping company Finnlines ' pretax loss totalled EUR 6.5 mn in the third quarter of 2009 , compared to a profit of EUR 0.3 mn in the third quarter of 2008 ."
positive,"Finnish security and privacy software solutions developer Stonesoft Oyj said on January 7 , 2008 that the preliminary sales of its StoneGate products grew by 59 pct year-on-year to 3.6 mln euro ( $ 5.3 mln ) for the fourth quarter of 2007 ."
positive,Finnish Cargotec 's Kalmar has received a significant order from the US Department of Defense .
neutral,"Most of the new substations support EDGE technology , which enables faster data traffic ."
positive,"( ADP News ) - Feb 11 , 2009 - Finnish management software solutions provider Ixonos Oyj ( HEL : XNS1V ) said today its net profit rose to EUR 3.5 million ( USD 4.5 m ) for 2008 from EUR 3.1 million for 2007 ."
neutral,"` It is a testament to the quality of our LTE solution and our commitment to the Japanese market ' , he added ."
positive,Nokia - the world 's largest mobile phone manufacturer - and China Postel - China 's largest mobile phone distributor - have a long-standing partnership that continues to grow stronger over time .
positive,Finnish forest machinery manufacturer Ponsse 's net sales grew to EUR 51.3 mn in the first quarter of 2010 from EUR 37.5 mn in the corresponding period in 2009 .
neutral,The credit covers approximately 70 % of the ship 's price .
negative,The employment contracts of 14 of the employees will end in March 2009 as a result of the company 's previous employer-employee talks .
neutral,"Finnish Neste Oil that was previously on the list , has fallen off the list completely ."
neutral,"PGE Belchatow runs the 4.44 GW Belchatow coal-fired power plant , and Fortum has intentions to start a CCS demonstration project jointly with Teollisuuden Voima Oyj ( TVO ) - another Finnish utility - at the their jointly owned 565MW Meri-Pori coal-fired facility ."
neutral,The company has exported into about twenty European countries as well as to Africa .
neutral,"A total six of the polled analysts rated M-real -- two gave `` buy '' - `` accumulate '' , three gave `` hold '' and only one gave `` sell '' ."
neutral,"M-real , which is part of Finnish paper maker Metsaliitto Group , is due to release its second-quarter report at around 12:00 EET on 5 August 2010 ."
positive,"( ADP News ) - Nov 28 , 2008 - Finnish power-supply solutions provider Efore Oyj ( OMX : EFO1V ) announced today the launch of OPUS DC , the latest power system in its OPUS product line ."
neutral,"A total of 1,800,000 stock options were issued in the 2003 stock option scheme ."
neutral,"Following the transaction , Tulikivi restructured its operations into the Soapstone Fireplaces Business , Natural Stone Product Business and Ceramic Products Business units ."
neutral,The company 's share is listed in the Mid Cap segment of the NASDAQ OMX Helsinki .
neutral,"The sale will be finalized in September or October , the company said ."
neutral,The value of the orders is about EUR 70mn .
neutral,"The train is expected to cross the Russian territory in 9 days , reaching the Vostochny port ."
neutral,Altogether 150 subjects with mildly elevated cholesterol levels participated in the four-month long intervention .
neutral,In 2008 Stockmann earned 3.398 million lats in profit on 48.012 million lats in turnover .
positive,Finnish automation solutions developer Cencorp Corporation ( OMX Helsinki : CNC1V ) said on Friday ( 27 June ) that it has completed employee negotiations regarding a reorganisation of its operations .
neutral,"Operating profit for the six-month period decreased from EUR111 .9 m , while sales increased from EUR1 ,275 m , as compared to the corresponding period in 2006 ."
negative,"Belarus OAO Lidskoe Pivo brewery , based in the Grodno Region , reported a 1.1 % decrease in output to 1.045 million decaliters in January-March 2010 , a representative in the administration of the company told ."
neutral,"The plant will go on stream in November 2008 and its estimated daily production will be 120,000 litres of bioethanol ."
positive,`` The acquisition of Elektros Pavara completes KONE 's market expansion strategy in the Baltic Countries .
negative,"Finnish plumbing and heating systems supplier Uponor 's net sales in continuing business operations decreased to EUR 249.1 mn in July-September 2008 , compared to EUR 262.1 mn in the third quarter of 2007 ."
neutral,"Elcoteq SE Stock Exchange Announcement February 4 , 2009 at 10.00 am ( EET ) Elcoteq will publish its financial statements bulletin 2008 on Wednesday , February 11 , at 9.00 am ( EET ) ."
positive,TELECOMWORLDWIRE-7 April 2006-TJ Group Plc sells stake in Morning Digital Design Oy Finnish IT company TJ Group Plc said on Friday 7 April that it had signed an agreement on selling its shares of Morning Digital Design Oy to Edita Oyj .
positive,Nokian Capacitors ' equipment will be used to raise the capacity and reliability of the Indian grid .
neutral,"HUHTAMAKI OYJ STOCK EXCHANGE RELEASE 16.12.2008 AT 09:30 Huhtamaki Oyj has resolved to clarify the Group structure by separating the Foodservice and Consumer Goods businesses in its production unit in Hameenlinna , Finland by transferring the businesses into its wholly owned subsidiaries ."
positive,"The German company has also signed a code share agreement with another Oneworld member -- American Airlines Inc , part of US-based AMR Corp ( NYSE : AMR ) ."
positive,Finnish fibers and plastic products maker Suominen Corporation said its net loss narrowed to 1.6 mln euro $ 2.0 mln in the first nine months of 2006 from 2.16 mln euro $ 2.7 mln in the same period of 2005 .
neutral,"Olvi 's target is to strengthen its market share in soft drinks , mineral waters , ciders , long drinks , and energy drinks ."
positive,"`` We have tailored our solutions to meet Solel 's technical requirements , and the result is both cost-effective manufacturing and highest-quality reflectors . ''"
neutral,"Reporting in accordance with the merged business operations will start as of January 1 , 2011 ."
neutral,"The RME from Telcontar enables the handset to calculate the best route and includes support for user-defined routes , feature navigability and multi-modal routing such as via foot and ferry ."
neutral,"treatment products in Usa , Canada , Mexico , Australia and Brazil Today , Global Research & Data Services is going to publish several market analyses about the markets for water treatment products in some selected countries ."
neutral,"According to Finnish L+Ænnen Tehtaat 's CEO Matti Karppinen , now that L+Ænnen Tehtaat has sold the majority of its feed and grain business , it will quickly start to look for acquisitions ."
positive,"`` I am very pleased and proud of our performance last year , '' Chief Executive Juha Rantanen said in a statement ."
negative,"However , the growth margin slowed down due to the financial crisis ."
neutral,"Tecnotree 's convergent charging solution includes functionality for prepaid and post-paid billing , charging and rating of voice calls , video calls and raw data traffic for both mobile and fixed networks ."
positive,"`` BasWare 's product sales grew strongly in the financial period , by 24 percent ."
neutral,"Secure your files online Like filling out a tax return , making a backup is boring ."
negative,"Frost sold shares for $ 19 million at $ 6.06-7 .12 per share , compared with Friday 's high of $ 11.33 and low of $ 10.14 ."
positive,"The six breweries recorded a 5.2 percent growth in domestic beer sales last year to 270.21 million liters , from 256.88 million liters sold in 2005 ."
neutral,"Amer , which bought Salomon from adidas in October , said the job cuts are aimed at boosting competitiveness ."
neutral,The parties have agreed not to disclose the transaction value .
positive,"Tiimari , the Finnish retailer , reported to have geenrated quarterly revenues totalling EUR 1.3 mn in the 4th quarter 2009 , up from EUR 0.3 mn loss in 2008 ."
neutral,"The Process Products orders are for the installation of separation-filtration equipment at three natural gas pipeline projects in China , South America , and Saudi Arabia ."
positive,"KESKO CORPORATION STOCK EXCHANGE RELEASE 28.02.2008 AT 09.30 1 ( 1 ) Kesko Corporation and Aspo plc today signed an agreement by which Aspo acquires the share capital of Kauko-Telko Ltd , a subsidiary wholly owned by Kesko ."
negative,"The tightened competition situation in the production automation market has affected net sales during 2006 , Cencorp said ."
positive,It is a solid credit that has been compared to a DZ Bank or a Rabobank .
neutral,Pohjola and cooperative banks have continued to combine their branch office network .
neutral,"Jussi Pesonen , member of the Sampo Board since 2006 , will renounce his seat in Sampo Board ."
neutral,The new activity will incur an investment of about 5 MEUR .
negative,Scanfil has also issued a profit warning .
positive,in Q1 2010 18 May 2010 - Finnish electrical components maker Salcomp Oy ( HEL : SAL1V ) said today it turned to a net profit of EUR1 .6 m in the first quarter of 2010 versus a loss of EUR2m in the corresponding period last year .
neutral,"Body ES Vostok also owns stakes in power sales companies MosenergosbytBody ( RTS : MSSB ) ( 50.9 % ) , Altaienergosbyt ( 100 % ) , Saratovenergo ( RTS : SARE ) Body ( 48.36 % ) and Tambov Power Sales Company ( RTS : TASB ) ( 49.01 % ) , all ofBodywhich it received from the distribution balance ."
neutral,"They can be used to control the speed of electric motors used by industry and municipal engineering , and in power generation using renewable energy ."
neutral,"We serve a broad range of customers , including construction and process industries , shipyards , the public sector and households ."
neutral,Other details were not provided .
positive,"Raute posted a net profit of 1.8 mln euro $ 2.6 mln for the third quarter of 2007 , compared to a net loss of 299,000 euro $ 430,000 for the corresponding period of 2006 ."
neutral,An international conference call and audio webcast concerning the financial result January-March 2010 will begin at 14.00 EET .
neutral,"Enclosed is Affecto 's call for Extraordinary General Meeting to be held on July 10th where the main agenda is to approve the authorization to the Board for the proposed share issue related to the Component Software acquisition , and to elect Haakon Skaarer to the Affecto board ."
positive,Finnish business software group AffectoGenimap Oyj said it had signed an agreement to acquire all the shares in Swedish sector company Intellibis Ab for 12 mln euro ( $ 15.8 mln ) on a debt-free basis .
neutral,"An  of the invention , released by the Patent Office , said : `` The chambers are pressurized ."
positive,"Finnish Metso will supply new wood handling and bleaching lines , as well as a rebuild of the kraft liner washing line for Klabin 's Tel+maco Borba mill in the Brazilian state of Paran+è ."
neutral,"Subscribers of China Unicom , the nation 's second largest mobile phone operator after China Mobile , are expected to release pictures , videos and blog on the Internet via mobile phones as of March 2008 ."
neutral,The reductions will be concluded by autumn 2010 .
neutral,"Back then , Tikkurila 's former owner , Finnish chemicals company Kemira Oyj HEL : KRA1V , distributed an 86 % stake to Kemira shareholders to facilitate the divestment and listing of Tikkurila ."
positive,European traffic grew nearly 30 % .
negative,"In Q2 of 2009 , profit before taxes amounted to EUR 13.6 mn , down from EUR 26.8 mn in Q2 of 2008 ."
negative,"In food trade , sales amounted to EUR320 .1 m , a decline of 1.1 % ."
positive,South African Sappi will become the largest foreign forest industry company operating in Finland as a result of the acquisition Finnish M-real Corporation 's Graphic Papers Business unit .
positive,"According to Finnish pension insurance company Varma , Varma was the recipient of over two thirds of the revenue of the earnings-related pension cover that was under competitive tendering in Finland ."
neutral,Otherwise the situation is under control .
positive,`` I am extremely delighted with this project and the continuation of cooperation with Viking Line .
neutral,"Deliveries of Nokia 1112 , Nokia 2310 and Nokia 2610 are expected to start in the second quarter of 2006 ."
positive,It estimates the operating profit to further improve from the third quarter .
neutral,"LONDON ICIS -- Tikkurila has completed the sale of its powder coatings business to Finnish industrial coatings firm Teknos Group , the Finland-based decorative paints company said on Wednesday ."
negative,"The workforce will be reduced also in the Amsterdam office , in the Netherlands ."
neutral,"Affecto will provide a new EFI Data Warehouse and reporting solution , behavioural scoring system supporting operational decision processes and Data Migration from old legacy systems to the new EFI system ."
neutral,"According to product manager Lassi Hietanen , building a power plant that burns mixed waste in Helsinki may not be a good idea because this reduces the production of combined power plants using natural gas ."
neutral,"ISMS does not disclose its financial results , the daily said ."
positive,Operating profit rose to EUR 27.8 mn from EUR 17.5 mn in 2008 .
neutral,"The new company will likely hold an IPO on the NYSE or another international stock exchange , according to Altimo which manages the Alfa Group 's telecommunications assets and TeliaSonera 's agreement , which has been published on the website of the U.S. Securities and Exchange Commission ."
positive,In addition the deal includes a call option which will enable Maritim Food AS to increase its holding in Sandanger AS to 51 % in the future .
positive,"( ADP News ) - Finnish handling systems provider Cargotec Oyj ( HEL : CGCBV ) announced on Friday it won orders worth EUR 10 million ( USD 13.2 m ) to deliver linkspans to Jordan , Morocco and Ireland ."
neutral,"Rinkuskiai 's beer sales fell by 6.5 per cent to 4.16 million litres , while Kauno Alus ' beer sales jumped by 6.9 per cent to 2.48 million litres ."
neutral,"ALEXANDRIA , Va. , March 28 -- Pertti Salmi and Hanna Vuolteenaho , both of Oulu , Finland , and Sami Viitasaari of Ii , Finland , have developed an ornamental design for a handset , the U.S. Patent & Trademark Office announced ."
neutral,`` Ruukki is now included on DJSI World for the second year running and the European DJSI STOXX for the third year running .
neutral,"Together with Latvia , Cramo will operate 54 rental outlets in the Baltic States ."
positive,"Finnish construction company YIT Oyj said on November 13 , 2007 it won a 70 mln euro $ 102.8 mln contract to construct the new office building for local property company Tapiola Real Estate Oy ."
positive,The new policy was also aimed at making the companies more profitable and competitive .
positive,"( ADP News ) - Nov 5 , 2008 - Finnish electronic measurement products and solutions maker Vaisala Oyj ( OMX : VAIAS ) said today that its net profit rose to EUR 18 million ( USD 23.1 m ) for the first nine months of 2008 from EUR 1"
neutral,"According to Olvi , the company is already negotiating new agreements ."
positive,"The major breweries increased their domestic beer sales by 4.5 per cent last year , to 256.88 million litres from 245.92 million litres in 2004 ."
neutral,These six agreements are the company 's first customer acquisitions in India since taking over TVS Electronics ' contract manufacturing facility in Jun 2007 .
negative,"Profit before taxes decreased by 9 % to EUR 187.8 mn in the first nine months of 2008 , compared to EUR 207.1 mn a year earlier ."
positive,1 November 2010 - Finnish textile and clothing company Marimekko Oyj ( HEL : MMO1V ) announced on Friday the opening of its first concept store in Seoul in cooperation with Japanese sector player Look Inc ( TYO : 8029 ) .
negative,Pretax profit totaled EUR 4.9 mn compared to EUR 5.2 mn in the first quarter of 2005 .
neutral,"Ethanol would be made from barley , and production could start in 2008 ."
neutral,Stora Enso will receive a 19.9 pct equity interest in the combined company .
neutral,"The most popular mobile data services are email , surfing the internet , as well as news and weather services ."
neutral,"With the government exempting certain stainless steel products from anti-dumping duties , Finland-based Outokumpu today said it will look to enter into supply pacts with the Indian Railways soon ."
positive,"Operating profit totalled EUR 7.0 mn , up from a loss of EUR 4.0 mn in the second quarter of 2009 ."
neutral,"Nokia Siemens Networks provides mobile and fixed network infrastructure , communications and networks service platforms , as well as professional services , to operators and service providers ."
neutral,No changes in media activity were seen in October compared with September .
positive,"( ADP News ) - Feb 12 , 2009 - Finnish IT solutions provider Affecto Oyj ( HEL : AFE1V ) said today its net profit rose to EUR 8.5 million ( USD 11m ) in 2008 from EUR 7 million in 2007 ."
neutral,"However , the brokers ' ratings on the stock differ ."
neutral,"On preliminary estimate , the hotel will operate under the brand Novotel ."
neutral,"According to preliminary information by the Finnish Forest Industries Federation , imports of roundwood to Finland increased to about 20 million m3 in 2005 , representing an increase of 15 % from 2004 ."
positive,7 March 2011 - Finnish IT company Digia Oyj HEL : DIG1V announced today an agreement with mobile-phone major Nokia Oyj HEL : NOK1V to acquire the commercial licensing and service business related to Nokia 's Qt technology .
neutral,Our Canned-preserved food in Finland report offers a comprehensive guide to the size and shape of the market at a national level .
neutral,"Empresa de Desarrollo Urbano de Quito , INNOVAR-UIO , Ecuador has commissioned Poyry to prepare a feasibility study for a new urban rapid mass transit system ."
positive,"The company 's net profit amounted to EE 55.5 mn , which was 36 % more than in 2004 ."
negative,"In Finland , OP-Pohjola 's staff union is boycotting the group 's insurance sales tasks because the company has refused to take the sale of insurance into account in determining wages ."
neutral,Yakima created the position for him after emerging from economic downturns of its own .
positive,"Finnish Metso Paper has been awarded a contract for the rebuild of Sabah Forest Industries ' ( SFI ) pulp mill in Sabah , Malaysia ."
neutral,ABN : 59 087 901 620 now represent 5.10 % of the voting rights and share capital of Citycon Oyj .
neutral,"`` In Ukraine , too , we act as a partner for major bakery clients in both production and product development ."
positive,Deliveries have started and the network will be ready for a launch soon .
neutral,"The mill will have capacity to produce 500,000 tonnes of pulp per year ."
neutral,"ASPO Plc STOCK EXCHANGE BULLETIN October 24 , 2006 at 2:00 p.m. Aspo Systems Division has completed the statutory negotiations , as required under the Act on Co-Operation Within Undertakings , conducted as part of the action plan launched in August ."
neutral,`` With this new version it is very important for us to introduce a BIM process that is based on the detailed building information model .
neutral,"An additional amount , capped at EUR12m , is payable in cash upon the achievement of certain financial performance targets in 2007 ."
neutral,"It is Estonia 's second-largest meat processing company by market share ( according to AC Nielsen 's 2008 data , 13 percent ) ."
positive,Finnish silicon wafers manufacturer Okmetic Oyj said it swung to a net profit of 4.9 mln euro $ 6.3 mln in the first nine months of 2006 from a net loss of 1.8 mln euro $ 2.3 mln a year earlier .
neutral,The shops are located in the capital region and the Paijat-Hame region .
neutral,Kaupthing Bank will publish its annual results for 2007 before markets open on Thursday 31 January .
negative,"Profit before taxes was EUR 4.0 mn , down from EUR 4.9 mn ."
positive,`` The additional flight linking Mumbai with Helsinki was dictated by the strong traffic demand between Asia and Europe .
neutral,"shock phase ' , consumers have once again started to plan and implement building projects ."
neutral,"At this stage , a maximum of 60,000 Tulikivi Series A shares will be acquired , representing about 0.16 per cent of the company - s shares outstanding ."
neutral,Cameco is to provide an upfront investment of up to USD 60mn for the construction of the uranium extraction circuit .
neutral,"In stead of being based on a soft drink , as is usual , the Teho energy drink is made with fresh water ."
neutral,"Tyrvaan Sanomat , published twice a week by Tyrvaan Sanomat Oy , appears in Sastamala and Kiikoinen ."
neutral,"A data processing unit collects the data , calculates RVR values and provides the data to users via various interfaces ."
neutral,Absolut Bank is exploring the possibility of further borrowing .
neutral,These module products will be available for trials during 3Q-07 and for volume deliveries during 4Q-07 .
positive,"At the end of March 2007 , the group 's order book was at EUR 39.6 mn , up 42 % from the corresponding period in 2006 ."
neutral,"In the Baltic countries , Atria 's target is organic growth ."
neutral,His resignation will take effect immediately .
neutral,"Metsa-Botnia will finance the payment of dividends , the repayment of capital and the repurchase of its own shares with the funds deriving from its divestment of the Uruguay operations , and shares in Pohjolan Voima , and by utilising its existing financing facilities ."
positive,"Cooper SH , the UK distributor for lift equipment manufacturer Konecranes , won the five-year deal which involves low maintenance and fuel saving technologies ."
positive,"This location makes the mall a convenient place to shop for consumers from three large residential areas nearby : Jaroszowka , Wysockiego and Zgody ."
positive,"( ADPnews ) - Nov 9 , 2009 - Four companies have agreed to buy for a combined SEK 5.9 billion ( USD 854m-EUR 571.8 m ) all drug stores offered for sale as part of the restructuring of Swedish stated-owned pharmacy monopoly Apoteket AB , t"
neutral,The order is a follow-on to an 11 mln euro ( $ 16.1 mln ) deal made in July 2007 .
positive,"A purchase agreement for 7,200 tons of gasoline with delivery at the Hamina terminal , Finland , was signed with Neste Oil OYj at the average Platts index for this September plus eight US dollars per month ."
positive,The StoneGate UTM solution offers protection against inbound and outbound attacks .
positive,Paper maker Stora Enso Oyj said Friday it has been acquitted of charges that it participated in a paper price-fixing conspiracy in the United States .
neutral,Neste Shipping is the most likely to remain Finnish as the oil sector and its transports are significant for emergency supply .
positive,Acquisitions have been made and businesses have been well integrated .
neutral,"The repo rate will gradually reach 2 % at the end of 2010 , according to Nordea 's Economic Outlook ."
neutral,The studies are expected to start in 2008 .
neutral,Feed companies Suomen Rehu and Raisio do no import GMO feed .
negative,"At this growth rate , paying off the national debt will be extremely painful ."
positive,"The company is in the process of building a new fleet and has placed orders for 10 P-Max tankers of 65,200 dwt ."
positive,"The Helsinki-based company , which also owns the Salomon , Atomic and Suunto brands , said net profit rose 15 percent in the three months through Dec. 31 to (  x20ac ) 47 million ( $ 61US million ) , from (  x20ac ) 40.8 million a year earlier ."
positive,"`` The change will optimize the operational efficiencies of our growing business , '' said Julia Prohaska , director of marketing communications for Fiskars ."
neutral,"After the sale , Outokumpu 's share of the technology unit will be reduced to some 12-20 percent ."
neutral,"pct lower at 4,442.10 ."
positive,Finnish electronics manufacturer PKC Group Oyj ( OMX Helsinki : PKC1V ) said on Wednesday ( 31 December ) that it has completed the acquisition of MAN Nutzfahrzeuge AG 's cable harness business from MAN Star Trucks & Buses Spolka zoo in Poland .
neutral,"Laavainen said Benecol was well known in Europe and the US , where it had been in the market for 15 years ."
neutral,Financial details were not disclosed .
positive,Nordea Group 's operating profit increased in 2010 by 18 percent year-on-year to 3.64 billion euros and total revenue by 3 percent to 9.33 billion euros .
positive,The proportion of Estonian and Lithuanian passengers on the Tallinn-Helsinki route also grew in July .
neutral,The service developed by Digia facilitates the work and resourcing of health care personnel during vaccination campaigns while providing them with monitoring and management tools .
neutral,The dual-fuel engines of the vessel can operate on liquefied natural gas LNG with low emissions .
neutral,No financial details were available .
neutral,6 October 2010 - Finnish paints and coatings company Tikkurila Oyj HEL : TIK1V announced today the launch of Tikkurila ProHouse method for protection of wooden surfaces via treatment with Ultra Pro waterborne products .
neutral,Aspokem posted an operating profit of 2.7 mln euro ( $ 3.5 mln ) and net sales of 89.1 mln euro ( $ 116.8 mln ) in 2006 .
neutral,"In 2008 , Kemira recorded revenue of approximately EUR 2.8 billion and had a staff of 9,400 ."
neutral,"So far the company has awarded more than $ 350,000 worth of tools and materials ."
positive,"Operating profit surged to EUR21m from EUR106 ,000 ."
neutral,Latvia 's Stockmann shopping mall is a subsidiary of Finland 's Stockmann Plc. .
positive,"Finnish telecoms software developer Tecnomen Oyj said on December 5 , 2006 it won a $ 3.3 mln ( 2.5 mln euro ) order to supply an expansion of the charging and messaging systems for the mobile and fixed networks of Brasil Telecom ."
negative,"As production of other products will continue normally , temporary lay-offs concern simultaneously at most 80 employees ."
neutral,"According to the company , a decision in the issue will be made in the summer of 2010 , at the earliest , and in the summer of 2011 , at the latest ."
negative,"Operating loss totalled EUR 5.2 mn , compared to a loss of EUR 3.4 mn in the corresponding period in 2008-2009 ."
neutral,"However , the offering will probably not be made at the current valuation , which partly derives from the deal in which the company was merged into a stock market shell ."
neutral,The expansion is to be finalized in the autumn of 2009 .
positive,`` It allows the young child to move forward with his life . ''
neutral,Rimi supermarket is the key customer in Magistral center .
neutral,"Currently , YIT builds a housing estate Zapadnye Vorota 26,000 square metres in the city and a house 9,910 square metres , which will be completed at the end of 2009 ."
negative,"Operating loss totaled EUR 0.8 mn , compared to a profit of EUR 0.5 mn ."
neutral,The new plant is planned to have an electricity generation capacity of up to 350 megawatts ( MW ) and the same heat generation capacity .
neutral,"According to Tyrv+Æinen 's estimation , Japan is a very essential location in terms of Finnair 's Asian strategy ."
positive,"Finnish Ahlstrom Corporation will double its investments in a new specialty glassfiber reinforcement plant in South Carolina , in the US ."
neutral,"The connectivity unit has more than 100 e-invoice customers , and the number of annual transactions stands at nearly one million ."
neutral,`` Serving customers locally is one of the cornerstones of customer focus for us .
neutral,"The fixed-term contract of Mr. Jarmo Ukonaho , the current General Manager of Incap 's Indian operations , will finish by the end of the year ."
neutral,At CapMan Haavisto will be responsible for Group Finances and Accounting and IT .
neutral,The electricity requirement of networks will grow with the new mobile generation .
positive,`` The lowering of prices by us and by our competitors shows that the real estate market has stabilised and returned into balance and apartments are acquiring a fair price in the eyes of our clients .
neutral,"Price talk is in the mid-market swaps plus 105 bps area and the leads are Barclays , BNPP , UBS and CBA ."
negative,"In January-June 2010 , diluted loss per share stood at EUR0 .3 versus EUR0 .1 in the first half of 2009 ."
neutral,The value of the confirmed aircraft orders totals EUR 2bn .
neutral,"Okmetic has a global customer base and sales network , production plants in Finland and the US and contract manufacturers in Japan and China ."
positive,"International sales rose by 59.8 % to EUR 1,244.4 mn ."
neutral,"Cardona slowed her vehicle , turned around and returned to the intersection , where she called 911 ."
negative,"National Conciliator Juhani Salonius , who met both parties on Wednesday , said they were too far apart in their views for him to propose mediation ."
neutral,"LONDON AFX - UK and European brokers ' recommendations issued today , as collated by AFX News from a range of market sources ."
positive,"` The stable outlook reflects Nokia 's strong market position in the global mobile handset market , strong cash flow generation , and very conservative balance sheet , ' said Raab ."
neutral,The company 's net sales in 2009 totalled MEUR 307.8 with an operating margin of 13.5 per cent .
positive,"Metsaliitto , however , narrowed its net loss for the second quarter of 2007 to 5.0 mln euro $ 6.9 mln from 61 mln euro $ 83.7 mln a year ago ."
negative,"Acando AB ( ACANB SS ) fell 8.9 percent to 13.35 kronor , the lowest close since Dec. 11 ."
negative,"In 2009 , Comptel slipped to a net loss of EUR2 .1 m from a profit of EUR6 .6 m in the previous year ."
neutral,Stock Exchange Release 10/3/2011 12:00 Sanoma has published its Annual Report and Financial Statements for 2010 and its first Corporate Responsibility Report .
neutral,"Poyry is a global consulting and engineering firm focusing on the energy , forest industry and infrastructure & environment sectors ."
neutral,Nordea Pankki Suomi Oyj 's ownership in Stonesoft Corporation has decreased below 1-20 .
positive,"Earnings per share EPS are seen at EUR 0.56 , up from EUR 0.38 ."
positive,The divestment of Raisio 's margarine business in May 2009 gave the company a clearer focus on grain-based products .
positive,Cargo volume increased by approximately 5 % .
negative,Finland-based Stockmann Group has closed seven franchising sports stores Nike in Russia .
neutral,"Paper company M-real calculated that if 100,000 biscuit cartons are made using a 25gsm lighter board , the CO2 saved over the course of 12 months would be equal to that generated by driving 1,000 km by car ."
negative,"Outokumpu 's steel mill in Tornio , in Finland , is the suspected source ."
neutral,The value of the deal is estimated at between SEK25m and SEK50m .
neutral,The value of the order is EUR 4mn .
neutral,Le Lay succeeds Walter G++nter and will be based in Finland .
positive,"According to A-Rehu 's Managing Director , Jouko Lahtinen , the project will stabilise costs and improve supply security ."
neutral,"Nurminen Logistics provides high-quality logistics services , such as railway transports , terminal services , forwarding , special and heavy transports and medical transports ."
positive,Finnish Aktia Group 's operating profit rose to EUR 17.5 mn in the first quarter of 2010 from EUR 8.2 mn in the first quarter of 2009 .
positive,"There are companies , which are ready to invest their own funds in this deal such as Rostelecom RTS : RTKM ."
negative,"( ADPnews ) - Feb 3 , 2010 - Finland-based steel maker Rautaruukki Oyj ( HEL : RTRKS ) , or Ruukki , said today it slipped to a larger-than-expected pretax loss of EUR 46 million ( USD 64.5 m ) in the fourth quarter of 2009 from a"
neutral,The acquisition is part of Ramirent 's Central and Eastern European growth strategy .
neutral,Autotank Group is part of Aspo 's Systems Division .
neutral,"It is a member of the OneWorld alliance , which includes American Airlines and British Airways ."
neutral,"The contract also includes cutting and edging wagon parts at Ruukki 's steel service centres in Seinajoki and Raahe , from where they will be delivered to VR for welding and assembly ."
neutral,`` Lemminkainen Talo Oy 's Lahti office is a significant logistics and business premises constructor .
neutral,"Following the registration , the share capital of Biotie is EUR 52,556,678.10 ."
negative,30 November 2009 - Finnish office furniture maker Martela Oyj HEL : MARAS said today that it will make redundant three people and other nine will be laid off permanently from the company 's office staff and factory workers .
neutral,"It s an area that is highly valued , because most of the land there has already been built on ."
negative,"Operating result for the 12-month period decreased from the profit of EUR0 .4 m while turnover decreased from EUR5 .6 m , as compared to 2004 ."
neutral,Results are expected late in 2006 .
positive,Rapala said it estimates it will make savings of 1-2 mln eur a year by centralising its French operations at one site .
neutral,The plant would use palm oil certified by the Roundtable on Sustainable Palm Oil ( RSPO ) .
positive,"London 's leading shares today jumped almost 100 points , or 1.7 % , as the market opened ."
neutral,"Simultaneously with this merger plan another merger plan has been signed , according to which Suomen Projektivuokraus Oy , a subsidiary of VTM-Rakennuskonevuokraamo Oy , would be merged with VTM-Rakennuskonevuokraamo Oy ."
neutral,Why not give your bedroom a cool makeover for summer .
neutral,"`` Of course , we are in talks with all those coming up with new projects that involve material handling , '' Konecranes President and CEO Pekka Lundmark said , when asked whether it was talking to Reliance Industries for supplying equipment to its upcoming refinery in Jamnagar ."
positive,"The Basware Connectivity services allow companies to handle purchase to pay processes online and make their internal processes more efficient , '' said CEO Ilkka Sihvo , Basware Corporation ."
neutral,"According to the Finnish-Russian Chamber of Commerce , all the major construction companies of Finland are operating in Russia ."
neutral,"A In August 2007 , Latvijas Finieris ordered all production lines for a new green veneer mill to be built in Ukmerge , central Lithuania ."
positive,Swiss franc surged to record 1.42 euros after it reported sharpest gain in manufacturing in March .
positive,The company will use the assets for strengthening its balance sheet and financial position .
positive,"Sales for both the Department Store Division and Hobby Hall increased by 7 % , while sales for the clothing store subsidiary Seppala decreased by 4 % ."
positive,Finnish operator Elisa and Aker Yards have signed a long-term service deal through which Elisa will deliver all necessary voice and data services for Aker Yards in Finland .
neutral,"In the second quarter of 2009 , net sales through operator business partners represented 47 % of the Group 's total net sales ."
neutral,"Neste Oil extended yesterday 's gains and put on 0.49 pct to 22.72 eur , while utility Fortum shed 1.14 pct to 20.76 eur ."
positive,"Previously , the company anticipated its operating profit to improve over the same period ."
neutral,Niam offer financial investors a high return via investments in funds that in turn invest in all types of properties .
neutral,The arrangements do not apply to the group 's units outside Finland .
neutral,Finnish department store group Stockmann is planning to acquire about EUR 141mn through a directed issue and a rights offering .
neutral,"Neste Oil s refineries have a combined crude oil refining capacity of approximately 260,000 barrels a day ."
neutral,"In Penttil+Æ 's vision , the most important reason for the transaction is Russia ."
neutral,"According to its notice , Skandinaviska Enskilda Banken AB publ Helsinki Branch has on 10 August 2009 divested in total 11,958,000 Alma Media shares to Ilkka-Yhtyma Oyj and Kaleva Kustannus Oy , as the conditions of the agreement made by the companies on 1 July 2009 fulfilled ."
neutral,"Ahlstrom Corporation STOCK EXCHANGE ANNOUNCEMENT 7.2.2007 at 10.30 A total of 56,955 new shares of Ahlstrom Corporation have been subscribed with option rights under the company 's stock option programs I 2001 and II 2001 ."
positive,"Furthermore , Bunge will also sign a licensing agreement for the Sunnuntai and Carlshamn Mejeri brands ."
negative,Possible personnel reductions concern approximately 104 people .
positive,The company is well positioned in Brazil and Uruguay .
negative,"The OMX Helsinki index was 0.33 pct lower at 9,364.80 , while the OMX Helsinki CAP portfolio index was down 0.34 pct at 5,029.25 ."
neutral,Viking Line and STX Finland said on Monday that there were plans to build a 240 million euro ferry that would be launched on the Turku-Stockholm route in spring 2013 .
positive,Componenta increased its stake in Turkish steel company Doktas Dokumculuk Ticaret ve Sanayi A.S. to 92.6 pct stake in March 2007 .
neutral,Dutch publisher De Vijver said today it has agreed to buy a 49 % stake in Belgian weekly magazine Humo from Finnish media company Sanoma HEL : SAA1V .
positive,`` I warmly welcome Michael Frei to Outotec .
neutral,"In addition , the existing service counter area in the reception hall will be rebuilt and access provided to local rail connections ."
neutral,"The Group 's consolidated net sales for 2008 totaled 3.4 billion euros and it employs approximately 13,000 persons ."
neutral,NetCom expects to complete Turbo 3G deployment in these areas this year .
positive,"In 2009 , Fiskars ' cash flow from operating activities amounted to EUR121m , up from EUR97m in the previous year ."
neutral,"After the restructuring , UPM 's average paper machine capacity in Europe will be 320,000 tons ( 350,000 short tons ) in coated magazine paper and 420,000 tons ( 460,000 short tons ) in coated fine paper ."
negative,The fair value of the company 's investment properties went down to EUR2 .769 bn at the end of September 2009 from EUR2 .878 bn a year earlier .
neutral,- Moody 's said it gave P A1 long-term senior unsecured and P P-1 short-term debt ratings to Finnish lender Aktia Bank 's EUR1bn USD1 .4 bn euro medium-term note EMTN program of 25 March 2011 .
positive,"As part of the transaction , M-real and Sappi have also signed a long-term agreement on the supply of pulp and BCTMP and other smaller services and supplies ."
neutral,"Swedish , Finnish and Danish listed companies are organized in three market cap segments , Nordic Large Cap , Mid Cap and Small Cap ."
neutral,"The Russian government will contribute 20 % of the necessary funds , he said ."
neutral,The value of the total investment is about EUR 600mn .
positive,Finnish Rautaruukki has been awarded a contract to supply and install steel superstructures for the Partihallsf+¦rbindelsen bridge in Gothenburg in Sweden .
positive,8 May 2009 - Finnish liquid handling products and diagnostic test systems maker Biohit Oyj ( HEL : BIOBV ) said today ( 8 May 2009 ) its net loss narrowed to EUR0 .1 m ( USD0 .14 m ) for the first quarter of 2009 from EUR0 .4 m for the same period of 2008 .
neutral,The non-recurring costs caused to Talentum 's Premedia business area by the restructuring will amount to 2.0 mln euro $ 2.7 mln and will be included in the company 's financial results for the second quarter of 2007 .
neutral,The percentages of shares and voting rights have been calculated in proportion to the total number of shares registered with the Trade Register and the total number of voting rights related to them .
neutral,"According to Mark White , Locatrix Communications ' CEO , the company 's web services interface allows device owners , friends , and family to track and locate TWIG users via any web browser ."
positive,Cash flow from operations rose to EUR 52.7 mn from EUR 15.6 mn in 2007 .
positive,The company 's market share is continued to increase further .
positive,"ADPnews - Jun 30 , 2009 - Finnish stainless steel maker Outokumpu Oyj HEL : OUT1V said yesterday it signed a three-year EUR 900 million USD 1.3 bn revolving credit facility ."
neutral,The value of the three-year contract is estimated at EUR40m .
neutral,"Amer Sports divests an industrial site in Rumilly , France -  This announcement is distributed by Thomson Reuters on behalf of Thomson Reuters clients ."
negative,The Finnish company previously said its operating result will be lower than the break-even posted a year earlier .
positive,"Thanks to his wide contact network and good knowledge of market and business environment , he will give a great contribution to the further development of our Indian operations '' , tells Incap 's President & CEO Juhani Hanninen ."
neutral,No pricing details were disclosed .
neutral,The service also enables users to watch e-mails in HTML format en is enhanced with 23 addition languages to choose from .
negative,RISING costs have forced packaging producer Huhtamaki to axe 90 jobs at its Hampshire manufacturing plant .
neutral,Export accounts for about one tenth of the company 's annual turnover of one billion kroons .
neutral,"`` Subscribers can browse free numbers with their handset , and select the numbers , packages and services they prefer when activating the phone ."
neutral,"Rapala VMC Corporation Rapala , a leading fishing tackle and sporting goods manufacturer and distributor , is the main owner of Peltonen with its 80 % shareholding ."
negative,"Finnish plumbing and heating systems supplier Uponor 's net sales from continuing operations decreased by 9.4 % in 2008 to EUR 949.2 mn from EUR 1,047.4 mn in 2007 ."
neutral,Rapala VMC Corporation ( Rapala ) is a Finland-based company engaged in the manufacture and distribution of fishing equipment and accessories .
positive,"In the third quarter , net sales increased by 12 % year-on-year to EUR 159.5 million , or by 6 % at comparable currency rates growth ."
neutral,The dividends payable annually shall be deducted from the share subscription price .
positive,"The company 's operating income ( EBIT ) totalled EUR 0.0 mn , up from EUR -0.3 mn year-on-year ."
positive,"Having a China based operation will not only enable us to fully leverage our resources and expertise in wireless solutions , but also strengthen our capability to offer industry-leading products for our customers in China . ''"
neutral,"As the world leaders in developing UV technology for municipal wastewater , drinking water , and industrial water treatment systems , Trojan Technologies was a logical partner in providing W+Ærtsil+Æ with UV technology for ballast water treatment ."
positive,SysOpen Digia had signed an agreement with the main shareholders of Sentera holding in total 77.39 % of the share capital and votes of Sentera .
neutral,The Oxyview Pulse Oximeter is a common device to check patient blood-oxygen saturation level and pulse rate .
positive,The 2015 target for net sales has been set at EUR 1bn and the target for return on investment at over 20 % .
neutral,"The remainder of its revenues will come from technology agreements with other firms , InterDigital said ."
positive,"`` After this purchase , Cramo will become the second largest rental services provider in the Latvian market ."
neutral,"The scheme for TeliaSonera and Altimo is practically identical , except that it involves the merger of their stakes in VimpelCom and Kyivstar ."
negative,"Operating profit before non-recurring items was EUR 8.3 mn in the first nine months of 2008 , compared to EUR 8.4 in the corresponding period in 2007 ."
positive,"We aim to ensure that Vacon is in good shape when capital expenditure starts to pick up again , '' comments Vacon Plc President and CEO Vesa Laisi ."
positive,The training modules aim at strengthening the public accounting abilities and fulfilling communal project management .
positive,"To ensure low operational cost for radio networks , the BTS modules can be configured , software upgraded and diagnosed remotely ."
positive,"Finland 's leading metals group Outokumpu said its fourth-quarter net profit more than tripled on the back of strong global demand for stainless steel , soaring base metal prices and proceeds from the sale of its technology unit ."
neutral,"Glaston 's own glass processing unit , Tamglass Glass Processing , is a manufacturer of high quality safety glass products , and operates in Finland ."
positive,"Operating profit for the three-month period increased from EUR1 .2 m , while revenue increased from EUR20 .2 m , as compared to the corresponding period in 2005 ."
neutral,"Founded in 1946 , Strand Associates , which provides civil , environmental , transportation , electrical and mechanical engineering services , has 350 employees at 10 offices in Wisconsin , Alabama , Illinois , Indiana , Kentucky and Ohio ."
neutral,"Because expenditures must be justified to pass budget approval hurdles , we believe our RoP model can help make it easier for IT and IT security practitioners to make the business case for acquiring enabling security technologies and related control activities ."
negative,"Operating profit excluding non-recurring items decreased to EUR 6.2 mn from EUR 16.8 mn in 2007 , representing 2.3 % of net sales ."
negative,Finnish technology company Raute Corporation ( OMX Helsinki : RUTAV ) issued on Tuesday ( 23 September ) a profit warning for the financial year 2008 .
positive,Finland 's Poyry Energy has won a contract to advise builders of a new cogeneration power plant in Lithuania 's second-biggest city of Kaunas and to supervise the construction process .
negative,"HELSINKI AFX - Kesko Corp is expected to report a lower second quarter EPS today due to tax charges , but other earnings lines are seen higher year-on-year , analysts said ."
neutral,"Tecnomen 's system features a new range of value-added services for prepaid and post-paid billing , charging and rating of voice calls , data traffic , or any kind of content services in both mobile and fixed networks ."
neutral,"According to Ultrascan , with a software acquired from crackers , it has managed to change the mobile phone in a way that the phone was able to get hold of a one-time password sent by a bank via a text message ."
neutral,"As part of the reorganisation , Pohjola Insurance 's 250 field staff for private customers will join the payroll of local cooperative banks from the beginning of October 2008 ."
neutral,The total value of the deal is USD 29mn .
positive,The volumes are expected to increase during the next few years .
positive,"The shopping center to be opened in St. Petersburg , Russia in November 2010 will turn the cash flow of Finnish department store chain Stockmann 's Russian operations positive for the first time in 2011 ."
neutral,The Remote Radio head module will be available at 4W power for 2.5 GHz and 3.5 GHz TDD frequency bands .
negative,Finnish developer and manufacturer of mobile phone chargers Salcomp Plc OMX Helsinki : SAL1V on Wednesday 19 November lowered its full-year net sales estimate .
positive,Finnish elevators and escalators maker KONE Corporation said on Tuesday ( 18 March ) that it has received a major order from Sir Robert McAlpine to supply all elevators and escalators for the Watermark Place project in the City of London .
neutral,Currency conversions are based on exchange rates at the time of the deal .
neutral,"`` Method and System for Controlling a Hard Disk Drive Using a Multimediacard Physical Interface '' was invented by Marko Ahvenainen Ruutana , Finland ."
positive,The cooperation will double The Switch 's converter capacity .
neutral,The total amount of subscription prices was recorded in the fund for invested non-restricted equity .
neutral,The newspapers of Alma Media and Arena Partners will enter a cooperation agreement on using Alma 's marketplace services in their respective regions .
neutral,"According to Finnish FIM Bank , Alpro 's price would be around EUR 100mn-150mn ."
negative,"Finnish financial software solutions developer BasWare Oyj said its net profit fell to 884,000 euro ( $ 1.2 mln ) for the first quarter of 2007 from 2.0 mln euro ( $ 2.7 mln ) a year earlier ."
negative,UPM stock fell 3 percent to EURO 12.49 $ 17.24 in early afternoon trading in Helsinki .
positive,"In 2007 , Marimekko has also opened concept stores in Yokohama and Nagoya , central Japan , in Silver Spring in metropolitan Washington DC , USA , in Graz , central Austria , and in Aalborg , northern Denmark ."
negative,"ADPnews - Aug 3 , 2009 - Finnish media group Ilkka-Yhtyma Oyj HEL : ILK2S said today its net profit fell 45 % on the year to EUR 5.9 million USD 8.4 m in the first half of 2009 ."
negative,"Stora Enso Oyj , the largest papermaker , in October said it would close four mills ."
positive,"` Our strategic cooperation with Rentakran brings us new customers and already-working relationships with the authorities of the new territories , ' said Jarmo Laasanen , a senior manager at Cramo ."
positive,"In banking , Sampo A was unchanged at 14.24 eur and Nordea rose 0.42 pct to 9.51 eur ."
positive,"This truly takes efficiency to new heights , '' Mr. Metso adds ."
positive,Operating profit rose to EUR 9.2 mn from EUR 6.8 mn in the corresponding period in 2007 .
neutral,"For 24-hour news , try ICIS news www.icis.com Click `` trial '' , then ICIS news"
neutral,"Master of Mayawas jointly developed by Nokia Siemens Networks and UFA - FremantleMedia , and will be actively advertised by Maxis in the end of May 2007 ."
neutral,The writing and publication of Lemmink+Æinen - s history is a continuation of earlier collaboration between Antti Tuuri and the company .
neutral,"Product coverage : baked goods ; biscuits ; breakfast cereals Data coverage : market sizes historic and forecasts , company shares , brand shares and distribution data ."
neutral,"When this investment is in place , Atria plans to expand into the Moscow market ."
positive,Operating income rose to EUR 696.4 mn from EUR 600.3 mn in 2009 .
negative,"Operating profit for the 12-month period decreased from EUR17 .9 m while net sales increased from EUR58 .3 m , as compared to 2007 ."
positive,Ramirent is a leading company in machinery and equipment rentals for construction and industry .
positive,"We can choose the most efficient , best overall value option for our customers already at the bidding stage ."
positive,"The Ministry of Water in Tanzania has awarded Poyry a water and sanitation engineering assignment for the rehabilitation and extension of water supply and sanitation infrastructure in Bukoba and Musoma , situated at Lake Victoria in northern Tanzania ."
neutral,The increase range will vary up to 10 % .
neutral,The chain is to unite 45-50 centres by the end of 2008 .
neutral,"Finnish bank Pohjola Bank Plc HEL : POH1S said today that it will issue a EUR 40 million USD 51.2 m index-linked bond , Pohjola Tutkimuksen Tahdet VIII-2010 Pohjola Research Stars VIII-2010 , on October 27 , 2010 ."
neutral,"Neste Oil said that while results from its biomass to 3 liquids demonstration plant , commissioned in June 2009 , have been promising , no decision on a commercial plant has been taken ."
positive,Raute Corporation has received orders worth over EUR 12 million from OOO Ilim Bratsk DOK in Russia .
negative,The company reported today an operating loss of EUR0 .1 m on net sales of EUR4 .5 m for the first quarter 2008 .
positive,"The OMX Helsinki 25 index was up 0.92 pct at 2,518.67 and the Helsinki CAP portfolio index was 0.91 pct higher at 4,711.19 ."
neutral,"The business goals for 2009 will realize with the temporary lay-offs carried out in the summer of 2009 , and with other savings measures ."
neutral,It has several innovative small molecule and biological drug candidates at different stages of clinical development .
neutral,"In 2006 , 452 million tonnes CO2 of EUA ( EU Allowance ; emissions credit in EU ) was traded with an underlying market value approx ."
neutral,Our tools are specifically designed with the needs of both the business users and ICT experts in mind .
neutral,It inspects the companys strategic strengths and weaknesses .
neutral,"Veidekke , headquartered in Oslo , Norway , is a Scandinavian construction and property development group with some 6,350 employees in Norway , Sweden and Denmark , with an annual turnover of NOK16 .4 bn ."
neutral,"The company has a continuous need for alloys such as nickel , ferro-chrome , molybdenum and manganese in its production , said Talvivaara ."
negative,"Lassila & Tikanoja 's operating profit excluding non-recurring and imputed items for the second quarter was EUR11 .3 m , down from EUR13 .8 m a year ago ."
neutral,"The Annual General Meeting approved a dividend of EUR 0.10 per share , that is , a total of EUR 7,8 million ."
neutral,A spokeswoman for the Italian fashion house declined comment on the settlement .
positive,"The agreement was signed with Biohit Healthcare Ltd , the UK-based subsidiary of Biohit Oyj , a Finnish public company which develops , manufactures and markets liquid handling products and diagnostic test systems ."
positive,A new Kveyt light variety of Suomalainen Pekoni marketed under the Atria brand name is now available to consumers in Finland .
neutral,Its other well-known brands include fitness equipment maker Precor and U.S. - based ball sports equipment maker Wilson .
neutral,"This could be any of us at any time , '' she said ."
neutral,Satama and Trainers ' House will remain as names and independent brands of the business areas .
neutral,The Board of Directors was authorized to decide on other terms of the share issue .
neutral,An Apple spokeswoman said the company declined to comment .
neutral,One of the headboxes will be equipped with a modern consistency control system to ensure cross machine profile of the plasterboard .
negative,EPS dropped to EUR0 .2 from EUR0 .3 .
neutral,The order also includes extensive maintenance work of a shoe press delivered by Vaahto in 2001 .
negative,Operating profit fell to EUR 15.1 mn from EUR 24.6 mn in 2006 .
positive,Self-service and automation are in a bigger role now and Fujitsu 's global resources will be exploited effectively .
neutral,Central Europe is an important market area for Honka .
neutral,"The challenge for the company , however , is finding new sources of raw material , said Risto Rinne , CEO of Neste Oil ."
neutral,"It is profitable to make pulp , paper , and sawn goods in areas where the combination of these factors is good ."
neutral,"Cargotec 's sales totalled EUR 3.4 billion in 2008 and it employs approximately 11,000 people ."
neutral,"Also , Technopolis plans to build a 100 million euro technology park at the special economic zone Neudorf in St. Petersburg , the St. Petersburg government said in February ."
positive,It is now the leading private road ambulance service company in Finland .
neutral,"The offer price is $ 35 million , including cash of $ 10 million as net debt assumption of FACE , and $ 20 million worth of Cencorp shares to be issued to Savcor ."
neutral,Implementation of the project will be carried out by the Finnish company YIT in association with the investment fund Evli Property Investment Russia ( EPI ) .
positive,"For Teleste , the acquisition marks an entry into services business in a market where it has long been an established and significant supplier of products ."
neutral,"The firm is headquartered in Vantaa , southern Finland and has 16 employees ."
positive,"We succeeded in increasing our market share of sold apartment '' , comments Mr Kari Kauniskangas , Head of YIT International Construction Services ."
neutral,"Sonoco Products Co. , a U.S. packaging company , said Friday it bought the 75 percent of Italy 's Demolli Industria Cartaria SpA it did not already own ."
positive,"According to HKScan Finland , the plan is to increase J+Ærvi-Suomen Portti 's net sales to EUR 80mn to EUR 100mn ."
neutral,The StoneGate product is centrally manageable and suited for both physical and virtual environments .
neutral,"Due to Pirkka beer , Olvi 's brewery in Iisalmi is moving to 7-day , 24-hour work shifts ."
neutral,"The payment date is March 25 , 2010 ."
neutral,The company reported net sales of 302 mln euro $ 441.6 mln and an operating margin of 16 pct in 2006 .
positive,"`` We are proud to welcome another distribution facility to north Mississippi and the region known as the logistics center of the United States , '' said Gray Swoope , executive director of MDA ."
neutral,Also the traditional grapevine carries a lot of weight .
neutral,"In 2006 the company 's net sales amounted to approximately EUR259m and it has some 8,000 employees ."
neutral,Customers in a wide range of industries use our stainless steel and services worldwide .
neutral,"The engine has an electrical output of 18,321 kW , making it the largest gas powered generating set in the world ."
neutral,No financial details were disclosed .
neutral,"The business units of the InvestLesProm Group cover the full forest industry chain , and the Group owns forests , sawmills , paper and pulp mills , and other processing plants ."
neutral,"There will be return flights from Stuttgart every morning , as well as evening departures on Thursdays , Fridays and Sundays ."
neutral,Terms of the acquisition were not disclosed .
neutral,"M-real generated a turnover of EUR5 .6 bn in 2006 and has 15,500 employees ."
neutral,"AHMS will also offer Hotel and Hotel Project Consultancy , Management Services , Brand Franchise , Training and Sales and Marketing services on a pan-India basis ."
neutral,"Under a preliminary estimation , the technology park will measure about 50,000 square meters ."
